{"data":[{"marker":{"color":[74.18651882459997,74.14275038410346,73.9554567827901,60.811514782145714,60.811514782145714,27.684248181260976,27.0,26.83313928602081,23.425664333246562,18.40265502239772,18.091596314920874,12.917871530392162,12.638451151603887,11.413606308664855,10.568887779066227,10.568887779066227,9.82039982756811,9.316185700817067,9.233286044490907,9.181214957861123,9.066247993584728,8.61972096741229,8.61972096741229,8.533674510280669,8.533674510280669,8.528209625254595,8.478100103106694,8.470816348130905,8.387370285204394,8.33396631366047,8.203464743380113,8.192703620017342,8.170579675039816,8.167612960031075,8.103344597160872,8.004614763169313,7.974142417778653,7.895340023089732,7.776280810675769,7.753204295458469,7.60835962567965,7.566870148322781,7.524336438662434,7.524336438662434,7.503044905290116,7.503044905290116,7.444580735289689,7.343825207080939,7.071067811865477,7.071067811865477],"opacity":1,"size":[74.18651882459997,74.14275038410346,73.9554567827901,60.811514782145714,60.811514782145714,27.684248181260976,27.0,26.83313928602081,23.425664333246562,18.40265502239772,18.091596314920874,12.917871530392162,12.638451151603887,11.413606308664855,10.568887779066227,10.568887779066227,9.82039982756811,9.316185700817067,9.233286044490907,9.181214957861123,9.066247993584728,8.61972096741229,8.61972096741229,8.533674510280669,8.533674510280669,8.528209625254595,8.478100103106694,8.470816348130905,8.387370285204394,8.33396631366047,8.203464743380113,8.192703620017342,8.170579675039816,8.167612960031075,8.103344597160872,8.004614763169313,7.974142417778653,7.895340023089732,7.776280810675769,7.753204295458469,7.60835962567965,7.566870148322781,7.524336438662434,7.524336438662434,7.503044905290116,7.503044905290116,7.444580735289689,7.343825207080939,7.071067811865477,7.071067811865477],"sizemode":"area","sizeref":0.1},"mode":"markers","text":["real estate transactions","commercial real estate","recent commercial real","treasury auctions set","auctions set week","farhad mike week","recent commercial transactions","mike week tech","new york times","donald trump says","think like doctor","affordable care act","self driving cars","donald trump campaign","hillary clinton bernie","clinton bernie sanders","clinton donald trump","puerto rico debt","hillary clinton donald","health care law","ted cruz iowa","donald trump hillary","trump hillary clinton","iowa bus tour","cruz iowa bus","hillary clinton says","anheuser busch inbev","insider trading case","republican presidential debate","donald trump calls","hillary clinton campaign","says donald trump","new york city","trump travel ban","daily report facebook","set week may","hillary clinton emails","partisan writing miss","daily report tech","black lives matter","daily report google","donald trump new","right left partisan","left partisan writing","set week nov","set week march","right left react","set week aug","deaths operations isis","military deaths operations"],"type":"scatter","x":["real estate transactions","commercial real estate","recent commercial real","treasury auctions set","auctions set week","farhad mike week","recent commercial transactions","mike week tech","new york times","donald trump says","think like doctor","affordable care act","self driving cars","donald trump campaign","hillary clinton bernie","clinton bernie sanders","clinton donald trump","puerto rico debt","hillary clinton donald","health care law","ted cruz iowa","donald trump hillary","trump hillary clinton","iowa bus tour","cruz iowa bus","hillary clinton says","anheuser busch inbev","insider trading case","republican presidential debate","donald trump calls","hillary clinton campaign","says donald trump","new york city","trump travel ban","daily report facebook","set week may","hillary clinton emails","partisan writing miss","daily report tech","black lives matter","daily report google","donald trump new","right left partisan","left partisan writing","set week nov","set week march","right left react","set week aug","deaths operations isis","military deaths operations"],"y":[74.18651882459997,74.14275038410346,73.9554567827901,60.811514782145714,60.811514782145714,27.684248181260976,27.0,26.83313928602081,23.425664333246562,18.40265502239772,18.091596314920874,12.917871530392162,12.638451151603887,11.413606308664855,10.568887779066227,10.568887779066227,9.82039982756811,9.316185700817067,9.233286044490907,9.181214957861123,9.066247993584728,8.61972096741229,8.61972096741229,8.533674510280669,8.533674510280669,8.528209625254595,8.478100103106694,8.470816348130905,8.387370285204394,8.33396631366047,8.203464743380113,8.192703620017342,8.170579675039816,8.167612960031075,8.103344597160872,8.004614763169313,7.974142417778653,7.895340023089732,7.776280810675769,7.753204295458469,7.60835962567965,7.566870148322781,7.524336438662434,7.524336438662434,7.503044905290116,7.503044905290116,7.444580735289689,7.343825207080939,7.071067811865477,7.071067811865477]}],"layout":{"autosize":false,"height":700,"margin":{"b":200,"l":50,"pad":4,"r":50,"t":100},"template":{"data":{"bar":[{"error_x":{"color":"#2a3f5f"},"error_y":{"color":"#2a3f5f"},"marker":{"line":{"color":"#E5ECF6","width":0.5}},"type":"bar"}],"barpolar":[{"marker":{"line":{"color":"#E5ECF6","width":0.5}},"type":"barpolar"}],"carpet":[{"aaxis":{"endlinecolor":"#2a3f5f","gridcolor":"white","linecolor":"white","minorgridcolor":"white","startlinecolor":"#2a3f5f"},"baxis":{"endlinecolor":"#2a3f5f","gridcolor":"white","linecolor":"white","minorgridcolor":"white","startlinecolor":"#2a3f5f"},"type":"carpet"}],"choropleth":[{"colorbar":{"outlinewidth":0,"ticks":""},"type":"choropleth"}],"contour":[{"colorbar":{"outlinewidth":0,"ticks":""},"colorscale":[[0.0,"#0d0887"],[0.1111111111111111,"#46039f"],[0.2222222222222222,"#7201a8"],[0.3333333333333333,"#9c179e"],[0.4444444444444444,"#bd3786"],[0.5555555555555556,"#d8576b"],[0.6666666666666666,"#ed7953"],[0.7777777777777778,"#fb9f3a"],[0.8888888888888888,"#fdca26"],[1.0,"#f0f921"]],"type":"contour"}],"contourcarpet":[{"colorbar":{"outlinewidth":0,"ticks":""},"type":"contourcarpet"}],"heatmap":[{"colorbar":{"outlinewidth":0,"ticks":""},"colorscale":[[0.0,"#0d0887"],[0.1111111111111111,"#46039f"],[0.2222222222222222,"#7201a8"],[0.3333333333333333,"#9c179e"],[0.4444444444444444,"#bd3786"],[0.5555555555555556,"#d8576b"],[0.6666666666666666,"#ed7953"],[0.7777777777777778,"#fb9f3a"],[0.8888888888888888,"#fdca26"],[1.0,"#f0f921"]],"type":"heatmap"}],"heatmapgl":[{"colorbar":{"outlinewidth":0,"ticks":""},"colorscale":[[0.0,"#0d0887"],[0.1111111111111111,"#46039f"],[0.2222222222222222,"#7201a8"],[0.3333333333333333,"#9c179e"],[0.4444444444444444,"#bd3786"],[0.5555555555555556,"#d8576b"],[0.6666666666666666,"#ed7953"],[0.7777777777777778,"#fb9f3a"],[0.8888888888888888,"#fdca26"],[1.0,"#f0f921"]],"type":"heatmapgl"}],"histogram":[{"marker":{"colorbar":{"outlinewidth":0,"ticks":""}},"type":"histogram"}],"histogram2d":[{"colorbar":{"outlinewidth":0,"ticks":""},"colorscale":[[0.0,"#0d0887"],[0.1111111111111111,"#46039f"],[0.2222222222222222,"#7201a8"],[0.3333333333333333,"#9c179e"],[0.4444444444444444,"#bd3786"],[0.5555555555555556,"#d8576b"],[0.6666666666666666,"#ed7953"],[0.7777777777777778,"#fb9f3a"],[0.8888888888888888,"#fdca26"],[1.0,"#f0f921"]],"type":"histogram2d"}],"histogram2dcontour":[{"colorbar":{"outlinewidth":0,"ticks":""},"colorscale":[[0.0,"#0d0887"],[0.1111111111111111,"#46039f"],[0.2222222222222222,"#7201a8"],[0.3333333333333333,"#9c179e"],[0.4444444444444444,"#bd3786"],[0.5555555555555556,"#d8576b"],[0.6666666666666666,"#ed7953"],[0.7777777777777778,"#fb9f3a"],[0.8888888888888888,"#fdca26"],[1.0,"#f0f921"]],"type":"histogram2dcontour"}],"mesh3d":[{"colorbar":{"outlinewidth":0,"ticks":""},"type":"mesh3d"}],"parcoords":[{"line":{"colorbar":{"outlinewidth":0,"ticks":""}},"type":"parcoords"}],"pie":[{"automargin":true,"type":"pie"}],"scatter":[{"marker":{"colorbar":{"outlinewidth":0,"ticks":""}},"type":"scatter"}],